college_code,college_name,city,district,region,college_type,government_or_private,autonomous,minority_status
1002,"Government College of Engineering, Amravati",Amravati,Amravati,Vidarbha,,,,
1005,"Sant Gadge Baba Amravati University,Amravati",Amravati,Amravati,Vidarbha,,,,
1012,"Government College of Engineering,Yavatmal",Yavatmal,Yavatmal,Vidarbha,,,,
1101,"Shri Sant Gajanan Maharaj College of Engineering,Shegaon",Shegaon,Amravati,Vidarbha,,,,
1105,"Prof. Ram Meghe Institute of Technology & Research, Amravati",Amravati,Amravati,Vidarbha,,,,
1107,"P. R. Pote (Patil) Education & Welfare Trust's Group of Institution(Integrated Campus), Amravati",Amravati,Amravati,Vidarbha,,,,
1107,"P. R. Pote Patil College of Engineering & Management, Amravati",Amravati,Amravati,Vidarbha,,,,
1114,"Sipna Shikshan Prasarak Mandal College of Engineering & Technology, Amravati",Amravati,Amravati,Vidarbha,,,,
1116,"Shri Shivaji Education Society's College of Engineering and Technology, Akola",Akola,Akola,Vidarbha,,,,
1117,"Janata Shikshan Prasarak Mandal’s Babasaheb Naik College Of Engineering, Pusad",Pusad,Amravati,Vidarbha,,,,
1119,ANURADHA COLLEGE OF ENGINEERING & TECHNOLOGY,Chikhli,Amravati,Vidarbha,,,,
1119,"Paramhansa Ramkrishna Maunibaba Shikshan Santha's , Anuradha Engineering College, Chikhali",Chikhali,Amravati,Vidarbha,,,,
1120,"Jawaharlal Darda Institute of Engineering and Technology, Yavatmal",Yavatmal,Yavatmal,Vidarbha,,,,
1121,"Shri Hanuman Vyayam Prasarak Mandals College of Engineering & Technology, Amravati",Amravati,Amravati,Vidarbha,,,,
1123,"Dr.Rajendra Gode Institute of Technology & Research, Amravati",Amravati,Amravati,Vidarbha,,,,
1125,"Dwarka Bahu Uddeshiya Gramin Vikas Foundation, Rajarshi Shahu College of Engineering, Buldhana",Buldhana,Buldhana,Vidarbha,,,,
1125,"Dwarka Bahu Uddeshiya Gramin Vikas Foundation, Rajarshri Shahu College of Engineering, Buldhana",Buldhana,Buldhana,Vidarbha,,,,
1126,"Shri. Dadasaheb Gawai Charitable Trust's Dr. Smt. Kamaltai Gawai Institute of Engineering & Technology, Darapur, Amravati",Amravati,Amravati,Vidarbha,,,,
1126,"Takshashila Institute of Engineering & Technology, Darapur, Amravati",Amravati,Amravati,Vidarbha,,,,
1127,"Jagadambha Bahuuddeshiya Gramin Vikas Sanstha's Jagdambha College of Engineering and Technology, Yavatmal",Yavatmal,Yavatmal,Vidarbha,,,,
1128,"Prof Ram Meghe College of Engineering and Management, Badnera",Badnera,Amravati,Vidarbha,,,,
1130,"Vision Buldhana Educational & Welfare Society's Pankaj Laddhad Institute of Technology & Management Studies, Yelgaon",Buldhana,Buldhana,Vidarbha,,,,
1180,"Sanmati Engineering College, Sawargaon Barde, Washim",Washim,Washim,Vidarbha,,,,
1182,"Padmashri Dr. V.B. Kolte College of Engineering, Malkapur, Buldhana",Buldhana,Buldhana,Vidarbha,,,,
1265,"Mauli Group of Institutions, College of Engineering and Technology, Shegaon.",Shegaon,Amravati,Vidarbha,,,,
1268,"Siddhivinayak Technical Campus, School of Engineering & Research Technology, Shirasgon, Nile",Chandrapur,Chandrapur,Vidarbha,,,,
1276,"Manav School of Engineering & Technology, Gut No. 1035 Nagpur Surat Highway, NH No. 6 Tal.Vyala, Balapur, Akola, 444302",Nagpur,Nagpur,Vidarbha,,,,
14005,"Laxminarayan Innovation Technological University, Nagpur",Nagpur,Nagpur,Vidarbha,,,,
16006,COEP Technological University,Pune,Pune,Pune Region,,,,
16121,"Shri. Anandrao Abitkar College of Engineering, Pal",Pune,Pune,Pune Region,,,,
16126,"Tatyasaheb Kore Institute of Engineering and Technology, Yelur",Kolhapur,Kolhapur,Western Maharashtra,,,,
16351,"Vidya Niketan Institute of Engineering & Technology, Lakhewadi",Lakhewadi,Pune,Pune Region,,,,
16352,"Yashoda Mahadeo Kakade College of Engineering, Talegaon",Talegaon Dabhade,Pune,Pune Region,,,,
16354,DNYANVILAS COLLEGE OF ENGINEERING,Pune,Pune,Pune Region,,,,
16355,Audyogik Shikshan Mandal's Nextgen Technical Campus,Talegaon Dabhade,Pune,Pune Region,,,,
16357,MES MUKUNDDAS LOHIA COLLEGE OF ENGINEERING,Pune,Pune,Pune Region,,,,
16361,"Zeal College of Engineering & Research, Induri, Pune (Off Campus-Induri)",Induri,Pune,Pune Region,,,,
2008,"Government College of Engineering, Aurangabad",Sambhajinagar,Chhatrapati Sambhajinagar,Marathwada,,,,
2008,"Government College of Engineering, Chhatrapati Sambhajinagar",Sambhajinagar,Chhatrapati Sambhajinagar,Marathwada,,,,
2015,"PURANMAL LAHOTI GOVERNMENT INSTITUTE OF ENGINEERING AND TECHNOLOGY, LATUR",Latur,Latur,Marathwada,,,,
2020,"Shri Guru Gobind Singhji Institute of Engineering and Technology, Nanded",Nanded,Nanded,Marathwada,,,,
2021,"University Department of Chemical Technology, Aurangabad",Aurangabad,Chhatrapati Sambhajinagar,Marathwada,,,,
2032,"Institute of Chemical Technology, Mumbai Marathwada off campus, Jalna",Mumbai,Mumbai,Mumbai Region,,,,
2111,"Everest Education Society, Group of Institutions (Integrated Campus), Ohar",Sambhajinagar,Chhatrapati Sambhajinagar,Marathwada,,,,
2112,"Shree Yash Pratishthan, Shreeyash College of Engineering and Technology, Aurangabad",Aurangabad,Chhatrapati Sambhajinagar,Marathwada,,,,
2113,"G. S. Mandal's Maharashtra Institute of Technology, Aurangabad",Aurangabad,Chhatrapati Sambhajinagar,Marathwada,,,,
2114,"Deogiri Institute of Engineering and Management Studies, Aurangabad",Aurangabad,Chhatrapati Sambhajinagar,Marathwada,,,,
2116,"Matoshri Pratishan's Group of Institutions (Integrated Campus), Kupsarwadi , Nanded",Nanded,Nanded,Marathwada,,,,
2127,"Mahatma Gandhi Missions College of Engineering, Hingoli Rd, Nanded.",Nanded,Nanded,Marathwada,,,,
2129,"M.S. Bidve Engineering College, Latur",Latur,Latur,Marathwada,,,,
2130,"Terna Public Charitable Trust's College of Engineering, Osmanabad",Dharashiv,Dharashiv,Marathwada,,,,
2131,"Shree Tuljabhavani College of Engineering, Tuljapur",Dharashiv,Dharashiv,Marathwada,,,,
2133,"Mahatma Basaweshwar Education Society's College of Engineering, Ambejogai",Beed,Beed,Marathwada,,,,
2134,"Peoples Education Society's College of Engineering, Aurangabad",Aurangabad,Chhatrapati Sambhajinagar,Marathwada,,,,
2135,"Hi-Tech Institute of Technology, Aurangabad",Aurangabad,Chhatrapati Sambhajinagar,Marathwada,,,,
2136,"Aditya Engineering College , Beed",Beed,Beed,Marathwada,,,,
2137,"Nagnathappa Halge Engineering College, Parli, Beed",Beed,Beed,Marathwada,,,,
2138,"Matsyodari Shikshan Sansatha's College of Engineering and Technology, Jalna",Jalna,Jalna,Marathwada,,,,
2146,"Adarsh Shikshan Prasarak Mandal's K. T. Patil College of Engineering and Technology, Osmanabad",Dharashiv,Dharashiv,Marathwada,,,,
2189,"Vishweshwarayya Institute Of Engineering And Technology, Almala, Tq. Ausa, Dist. Latur",Almala,Chhatrapati Sambhajinagar,Marathwada,,,,
2250,"Aurangabad College of Engineering, Naygaon Savangi, Aurangabad",Aurangabad,Chhatrapati Sambhajinagar,Marathwada,,,,
2252,"Marathwada Shikshan Prasarak Mandal's Shri Shivaji Institute of Engineering and Management Studies, Parbhani",Parbhani,Parbhani,Marathwada,,,,
2254,"Vilasrao Deshmukh Foundation Group of Institutions, Latur",Latur,Latur,Marathwada,,,,
2282,"Aditya Education Trust's Mitthulalji Sarada Polytechnic, Nalwandi Road, Beed",Beed,Beed,Marathwada,,,,
2282,"Mitthulalji Sarada Institute Of Technology, Nalwandi Road, Beed",Beed,Beed,Marathwada,,,,
2508,GRAMIN TECHNICAL AND MANAGEMENT CAMPUS NANDED.,Nanded,Nanded,Marathwada,,,,
2516,International Centre Of Excellence In Engineering and Management (ICEEM),Sambhajinagar,Chhatrapati Sambhajinagar,Marathwada,,,,
2522,"STMEI's Sandipani Technical Campus-Faculty of Engineering, Latur.",Latur,Latur,Marathwada,,,,
2533,"CSMSS Chh. Shahu College of Engineering, Aurangabad",Aurangabad,Chhatrapati Sambhajinagar,Marathwada,,,,
2634,"Eaglewood Polytechnic Institute, A.P Phulepimpalgaon",Phule Pimpalgaon,Chhatrapati Sambhajinagar,Marathwada,,,,
2637,"Jijau Institute of Engineering Technology and Management, Khandgaon (Bendri), Taluka Naigaon, District Nanded",Nanded,Nanded,Marathwada,,,,
2641,Dr. V.K. Patil College of Engineering & Technology,Nashik,Nashik,North Maharashtra,,,,
2666,Mangaldeep College of Engineering,Sambhajinagar,Chhatrapati Sambhajinagar,Marathwada,,,,
2758,Sant Eknath College of Engineering,Sambhajinagar,Chhatrapati Sambhajinagar,Marathwada,,,,
2770,"Shetkari Shikshan Prasarak Mandal's Mahesh Institute of Engineering and Technology , Ashti",Ashti,Chhatrapati Sambhajinagar,Marathwada,,,,
2771,Amolak College of Engineering Kada,Kada,Chhatrapati Sambhajinagar,Marathwada,,,,
2772,JSPM College of Engineering,Latur,Latur,Marathwada,,,,
2772,"JSPM College of Engineering, Latur",Latur,Latur,Marathwada,,,,
2777,CDS College of Engineering,Aurangabad,Chhatrapati Sambhajinagar,Marathwada,,,,
2779,NKSPT INSTITUTE OF ENGINEERING AND TECHNOLOGY PATHIKAR CAMPUS,Badnapur,Chhatrapati Sambhajinagar,Marathwada,,,,
3012,"Veermata Jijabai Technological Institute(VJTI), Matunga, Mumbai",Mumbai,Mumbai,Mumbai Region,,,,
3014,"Sardar Patel College of Engineering, Andheri",Mumbai,Mumbai,Mumbai Region,,,,
3033,"Dr. Babasaheb Ambedkar Technological University, Lonere",Raigad,Raigad,Mumbai Region,,,,
3036,"Institute of Chemical Technology, Matunga, Mumbai",Mumbai,Mumbai,Mumbai Region,,,,
3042,"Government College of Engineering, Ratnagiri",Ratnagiri,Ratnagiri,Konkan,,,,
3042,"Loknete Shamrao Peje Government College of Engineering, Ratnagiri",Ratnagiri,Ratnagiri,Konkan,,,,
3135,"Manjara Charitable Trust's Rajiv Gandhi Institute of Technology, Mumbai",Mumbai,Mumbai,Mumbai Region,,,,
3139,"Vidyalankar Institute of Technology,Wadala, Mumbai",Mumbai,Mumbai,Mumbai Region,,,,
3143,"Thakur Shyamnarayan Engineering College, Mumbai",Mumbai,Mumbai,Mumbai Region,,,,
3146,"Jawahar Education Society's Annasaheb Chudaman Patil College of Engineering,Kharghar, Navi Mumbai",Mumbai,Mumbai,Mumbai Region,,,,
3147,"Saraswati Education Society, Yadavrao Tasgaonkar Institute of Engineering & Technology, Karjat",Raigad,Raigad,Mumbai Region,,,,
3148,"Mahavir Education Trust's Shah & Anchor Kutchhi Engineering College, Mumbai",Mumbai,Mumbai,Mumbai Region,,,,
3154,"Saraswati Education Society's Saraswati College of Engineering,Kharghar Navi Mumbai",Mumbai,Mumbai,Mumbai Region,,,,
3175,"M.G.M.'s College of Engineering and Technology, Kamothe, Navi Mumbai",Mumbai,Mumbai,Mumbai Region,,,,
3176,"Thakur College of Engineering and Technology, Kandivali, Mumbai",Mumbai,Mumbai,Mumbai Region,,,,
3182,"Thadomal Shahani Engineering College, Bandra, Mumbai",Mumbai,Mumbai,Mumbai Region,,,,
3183,"Anjuman-I-Islam's M.H. Saboo Siddik College of Engineering, Byculla, Mumbai",Mumbai,Mumbai,Mumbai Region,,,,
3184,"Fr. Conceicao Rodrigues College of Engineering, Bandra,Mumbai",Mumbai,Mumbai,Mumbai Region,,,,
3185,"Vivekanand Education Society's Institute of Technology, Chembur, Mumbai",Mumbai,Mumbai,Mumbai Region,,,,
3187,"N.Y.S.S.'s Datta Meghe College of Engineering, Airoli, Navi Mumbai",Mumbai,Mumbai,Mumbai Region,,,,
3188,"Vasantdada Patil Pratishthan's College Of Engineering and Visual Arts, Sion, Mumbai",Mumbai,Mumbai,Mumbai Region,,,,
3189,"Bharati Vidyapeeth College of Engineering, Navi Mumbai",Mumbai,Mumbai,Mumbai Region,,,,
3190,"Terna Engineering College, Nerul, Navi Mumbai",Mumbai,Mumbai,Mumbai Region,,,,
3192,"Smt. Indira Gandhi College of Engineering, Navi Mumbai",Mumbai,Mumbai,Mumbai Region,,,,
3193,"Shivajirao S. Jondhale College of Engineering, Dombivali,Mumbai",Mumbai,Mumbai,Mumbai Region,,,,
3194,"Vidyavardhini's College of Engineering and Technology, Vasai",Palghar,Palghar,Mumbai Region,,,,
3196,"Lokmanya Tilak College of Engineering, Kopar Khairane, Navi Mumbai",Mumbai,Mumbai,Mumbai Region,,,,
3197,"Agnel Charities' FR. C. Rodrigues Institute of Technology, Vashi, Navi Mumbai",Mumbai,Mumbai,Mumbai Region,,,,
3198,"Konkan Gyanpeeth College of Engineering, Karjat",Raigad,Raigad,Mumbai Region,,,,
3199,"Shri Vile Parle Kelvani Mandal's Dwarkadas J. Sanghvi College of Engineering, Vile Parle,Mumbai",Mumbai,Mumbai,Mumbai Region,,,,
3200,"Hope Foundation and research center's Finolex Academy of Management and Technology, Ratnagiri",Ratnagiri,Ratnagiri,Konkan,,,,
3201,"Rizvi Education Society's Rizvi College of Engineering, Bandra,Mumbai",Mumbai,Mumbai,Mumbai Region,,,,
3202,Rajendra Mane College of Engineering & Technology Ambav Deorukh,Ratnagiri,Ratnagiri,Konkan,,,,
3203,"Atharva College of Engineering,Malad(West),Mumbai",Mumbai,Mumbai,Mumbai Region,,,,
3204,"St. Francis Institute of Technology,Borivali, Mumbai",Mumbai,Mumbai,Mumbai Region,,,,
3206,"S.S.P.M.'s College of Engineering, Kankavli",Sindhudurg,Sindhudurg,Konkan,,,,
3207,"Mahatma Education Society's Pillai College of Engineering, New Panvel",Panvel,Mumbai,Mumbai Region,,,,
3208,"Don Bosco Institute of Technology, Mumbai",Mumbai,Mumbai,Mumbai Region,,,,
3209,K J Somaiya Institute of Technology,Mumbai,Mumbai,Mumbai Region,,,,
3210,"Excelsior Education Society's K.C. College of Engineering and Management Studies and Research, Kopri, Thane (E)",Thane,Thane,Mumbai Region,,,,
3211,"S.I.E.S. Graduate School of Technology, Nerul, Navi Mumbai",Mumbai,Mumbai,Mumbai Region,,,,
3212,"WATUMULL INSTITUTE OF ELECTRONICS ENGINEERING & COMPUTER TECHNOLOGY, ULHASNAGAR",Thane,Thane,Mumbai Region,,,,
3212,"Watumull Institute of Engineering & Technology, Ulhasnagar",Thane,Thane,Mumbai Region,,,,
3214,"Xavier Institute Of Engineering C/O Xavier Technical Institute,Mahim,Mumbai",Mumbai,Mumbai,Mumbai Region,,,,
3215,"Bhartiya Vidya Bhavan's Sardar Patel Institute of Technology , Andheri, Mumbai",Mumbai,Mumbai,Mumbai Region,,,,
3216,"Gharda Foundation's Gharda Institute of Technology,Khed, Ratnagiri",Ratnagiri,Ratnagiri,Konkan,,,,
3217,"Vighnaharata Trust's Shivajirao S. Jondhale College of Engineering & Technology, Shahapur, Asangaon, Dist Thane",Thane,Thane,Mumbai Region,,,,
3218,"Aldel Education Trust's St. John College of Engineering & Management, Vevoor, Palghar",Palghar,Palghar,Mumbai Region,,,,
3219,"Koti Vidya Charitable Trust's Smt. Alamuri Ratnamala Institute of Engineering and Technology, Sapgaon, Tal. Shahapur",Thane,Thane,Mumbai Region,,,,
3220,Yadavrao Tasgaonkar College of Engineering & Management,Mumbai,Mumbai,Mumbai Region,,,,
3221,"Late Shri. Vishnu Waman Thakur Charitable Trust, Viva Institute of Technology, Shirgaon",Palghar,Palghar,Mumbai Region,,,,
3221,"Vishnu Waman Thakur Charitable Trust's VIVA Institute of Technology, Virar",Palghar,Palghar,Mumbai Region,,,,
3222,"Haji Jamaluddin Thim Trust's Theem College of Engineering, At. Villege Betegaon, Boisar",Palghar,Palghar,Mumbai Region,,,,
3223,"Mahatma Education Society's Pillai HOC College of Engineering & Technology, Tal. Khalapur. Dist. Raigad",Raigad,Raigad,Mumbai Region,,,,
3224,"Leela Education Society, G.V. Acharya Institute of Engineering and Technology, Shelu, Karjat",Raigad,Raigad,Mumbai Region,,,,
3257,"Vidya Prasarak Mandal's College of Engineering, Thane",Thane,Thane,Mumbai Region,,,,
3277,Pravin Rohidas Patil College of Engineering & Technology,Mumbai,Mumbai,Mumbai Region,,,,
3277,"Shree Shankar Narayan Education Trust,Pravin Patil College of Diploma Engg. & Technology, Bhayinder (E) Western Rly",Thane,Thane,Mumbai Region,,,,
3351,"Bharat College of Engineering, Kanhor, Badlapur(W)",Thane,Thane,Mumbai Region,,,,
3353,"Dilkap Research Institute Of Engineering and Management Studies, At.Mamdapur, Post- Neral, Tal- Karjat, Mumbai",Mumbai,Mumbai,Mumbai Region,,,,
3423,"Shree L.R. Tiwari College of Engineering, Mira Road, Mumbai",Mumbai,Mumbai,Mumbai Region,,,,
3436,"B.R. Harne College of Engineering & Technology, Karav, Tal-Ambernath.",Thane,Thane,Mumbai Region,,,,
3439,"Anjuman-I-Islam's Kalsekar Technical Campus, Panvel",Panvel,Mumbai,Mumbai Region,,,,
3440,"Metropolitan Institute of Technology & Management, Sukhalwad, Sindhudurg.",Sindhudurg,Sindhudurg,Konkan,,,,
3445,"Vishwatmak Jangli Maharaj Ashram Trust (Kokamthan), Atma Malik Institute Of Technology & Research",Mumbai,Mumbai,Mumbai Region,,,,
3447,"G.M.Vedak Institute of Technology, Tala, Raigad.",Raigad,Raigad,Mumbai Region,,,,
3460,"Universal College of Engineering,Kaman Dist. Palghar",Palghar,Palghar,Mumbai Region,,,,
3462,"VPM's Maharshi Parshuram College of Engineering, Velneshwar, Ratnagiri.",Ratnagiri,Ratnagiri,Konkan,,,,
3465,"Ideal Institute of Technology, Wada, Dist.Thane",Thane,Thane,Mumbai Region,,,,
3467,"Vishwaniketan's Institute of Management Entrepreneurship and Engineering Technology(i MEET), Khalapur Dist Raigad",Raigad,Raigad,Mumbai Region,,,,
3470,YASHWANTRAO BHONSALE INSTITUTE OF TECHNOLOGY,Mumbai,Mumbai,Mumbai Region,,,,
3471,"New Horizon Institute of Technology & Management, Thane",Thane,Thane,Mumbai Region,,,,
3475,"A. P. Shah Institute of Technology, Thane",Thane,Thane,Mumbai Region,,,,
3477,"Chhartrapati Shivaji Maharaj Institute of Technology, Shedung, Panvel",Panvel,Mumbai,Mumbai Region,,,,
3503,"Indala College Of Engineering, Bapsai Tal.Kalyan",Thane,Thane,Mumbai Region,,,,
3546,Devi Mahalaxmi College of Engineering and Technology,Mumbai,Mumbai,Mumbai Region,,,,
3723,Navjeevan Education Society's College of Engineering,Mumbai,Mumbai,Mumbai Region,,,,
3724,Thakur Shree DPS College of Engineering & Management,Vasai,Mumbai,Mumbai Region,,,,
3725,"MAEER's Maharashtra Institute of Technology, Thane",Thane,Thane,Mumbai Region,,,,
3726,Imperial College of Engineering,Titwala,Mumbai,Mumbai Region,,,,
4004,"Government College of Engineering, Chandrapur",Chandrapur,Chandrapur,Vidarbha,,,,
4005,"Laxminarayan Institute of Technology, Nagpur",Nagpur,Nagpur,Vidarbha,,,,
4025,"Government College of Engineering, Nagpur",Nagpur,Nagpur,Vidarbha,,,,
4104,"Kavi Kulguru Institute of Technology & Science, Ramtek",Nagpur,Nagpur,Vidarbha,,,,
4115,"Shri Ramdeobaba College of Engineering and Management, Nagpur",Nagpur,Nagpur,Vidarbha,,,,
4116,"Ankush Shikshan Sanstha's G.H.Raisoni College of Engineering, Nagpur",Nagpur,Nagpur,Vidarbha,,,,
4118,"Bapurao Deshmukh College of Engineering, Sevagram",Wardha,Wardha,Vidarbha,,,,
4123,"Lokmanya Tilak Jankalyan Shikshan Sanstha, Priyadarshani College of Engineering, Nagpur",Nagpur,Nagpur,Vidarbha,,,,
4133,"Sanmarg Shikshan Sanstha's Smt. Radhikatai Pandav College of Engineering, Nagpur",Nagpur,Nagpur,Vidarbha,,,,
4134,"Guru Nanak Institute of Engineering & Technology,Kalmeshwar, Nagpur",Nagpur,Nagpur,Vidarbha,,,,
4135,"Amar Seva Mandal's Shree Govindrao Vanjari College of Engineering & Technology, Nagpur",Nagpur,Nagpur,Vidarbha,,,,
4136,"Lokmanya Tilak Jankalyan Shikshan Sastha, Priyadarshini J. L. College Of Engineering, Nagpur",Nagpur,Nagpur,Vidarbha,,,,
4137,"Sir Shantilal Badjate Charitable Trust's S. B. Jain Institute of technology, Management & Research, Nagpur",Nagpur,Nagpur,Vidarbha,,,,
4138,"Jaidev Education Society, J D College of Engineering and Management, Nagpur",Nagpur,Nagpur,Vidarbha,,,,
4139,"Samridhi Sarwajanik Charitable Trust, Jhulelal Institute of Technology, Nagpur",Nagpur,Nagpur,Vidarbha,,,,
4141,"Shriram Gram Vikas Shikshan Sanstha, Vilasrao Deshmukh College of Engineering and Technology, Nagpur",Nagpur,Nagpur,Vidarbha,,,,
4142,"Ankush Shikshan Sanstha's G. H. Raisoni Institute of Engineering & Technology, Nagpur",Nagpur,Nagpur,Vidarbha,,,,
4142,"G H Raisoni College of Engineering & Management, Nagpur",Nagpur,Nagpur,Vidarbha,,,,
4143,"Sanmarg Shikshan Sanstha, Mandukarrao Pandav College of Engineering, Bhandara",Bhandara,Bhandara,Vidarbha,,,,
4144,"Shri. Sai Shikshan Sanstha, Nagpur Institute of Technology, Nagpur",Nagpur,Nagpur,Vidarbha,,,,
4145,"Wainganga College of Engineering and Management, Dongargaon, Nagpur",Nagpur,Nagpur,Vidarbha,,,,
4147,"K.D.K. College of Engineering, Nagpur",Nagpur,Nagpur,Vidarbha,,,,
4151,"Tulsiramji Gaikwad Patil College of Engineering & Technology, Nagpur",Nagpur,Nagpur,Vidarbha,,,,
4151,"Vidarbha Bahu-Uddeshiya Shikshan Sanstha's Tulshiramji Gaikwad Patil College of Engineering & Technology, Nagpur",Nagpur,Nagpur,Vidarbha,,,,
4163,Rajiv Gandhi College of Engineering Research & Technology Chandrapur,Chandrapur,Chandrapur,Vidarbha,,,,
4167,"Yeshwantrao Chavan College of Engineering,Wanadongri, Nagpur",Nagpur,Nagpur,Vidarbha,,,,
4172,"Anjuman College of Engineering & Technology, Nagpur",Nagpur,Nagpur,Vidarbha,,,,
4174,"ST. Vincent Pallotti College of Engineering & Technology, Nagpur",Nagpur,Nagpur,Vidarbha,,,,
4175,"JMSS Shri Shankarprasad Agnihotri College of Engineering, Wardha",Wardha,Wardha,Vidarbha,,,,
4177,"Priyadarshini Bhagwati College of Engineering, Harpur Nagar, Umred Road,Nagpur",Nagpur,Nagpur,Vidarbha,,,,
4181,"Swaminarayan Siddhanta Institute Of Technology, Nagpur",Nagpur,Nagpur,Vidarbha,,,,
4188,"Krushi Jivan Vikas Pratishthan, Ballarpur Institute of Technology, Mouza Bamni",Chandrapur,Chandrapur,Vidarbha,,,,
4190,"M.D. Yergude Memorial Shikshan Prasarak Mandal's Shri Sai College of Engineering & Technology, Badravati",Chandrapur,Chandrapur,Vidarbha,,,,
4190,"M.D. Yergude Memorial Shikshan Prasarak Mandal's Shri Sai College of Engineering & Technology, Bhadrawati",Chandrapur,Chandrapur,Vidarbha,,,,
4192,"Maitraya Education Society, Nagarjuna Institute of Engineering Technology & Management, Nagpur",Nagpur,Nagpur,Vidarbha,,,,
4193,"K.D.M. Education Society, Vidharbha Institute of Technology,Umred Road ,Nagpur",Nagpur,Nagpur,Vidarbha,,,,
4196,"Gurunanak Educational Society's Gurunanak Institute of Technology, Nagpur",Nagpur,Nagpur,Vidarbha,,,,
4197,"Jai Mahakali Shikshan Sanstha, Agnihotri College of Engineering, Sindhi(Meghe)",Wardha,Wardha,Vidarbha,,,,
4285,"V M Institute of Engineering and Technology, Dongargaon, Nagpur",Nagpur,Nagpur,Vidarbha,,,,
4302,"Gondia Education Society's Manoharbhai Patel Institute Of Engineering & Technology, Shahapur, Bhandara",Thane,Thane,Mumbai Region,,,,
4613,"Suryodaya College of Engineering & Technology, Nagpur",Nagpur,Nagpur,Vidarbha,,,,
4648,"R.V. Parankar College of Engineering & Technology, Arvi, Dist Wardha",Wardha,Wardha,Vidarbha,,,,
4649,"Bajaj Institute of Technology, Wardha",Wardha,Wardha,Vidarbha,,,,
4679,"Karanjekar College of Engineering & Management, Sakoli",Bhandara,Bhandara,Vidarbha,,,,
4703,"Somayya Institute of Technology, Chandrapur",Chandrapur,Chandrapur,Vidarbha,,,,
5003,"University Institute of Chemical Technology, North Maharashtra University, Jalgaon",Jalgaon,Jalgaon,North Maharashtra,,,,
5004,"Government College of Engineering, Jalgaon",Jalgaon,Jalgaon,North Maharashtra,,,,
5103,"Shri Shivaji Vidya Prasarak Sanstha's Late Bapusaheb Shivaji Rao Deore College of Engineering,Dhule",Dhule,Dhule,North Maharashtra,,,,
5104,"Shramsadhana Bombay Trust, College of Engineering & Technology, Jalgaon",Jalgaon,Jalgaon,North Maharashtra,,,,
5106,"Khandesh College Education Society's College Of Engineering And Management, Jalgaon",Jalgaon,Jalgaon,North Maharashtra,,,,
5108,"Maratha Vidya Prasarak Samaj's Karmaveer Adv. Baburao Ganpatrao Thakare College Of Engineering, Nashik",Nashik,Nashik,North Maharashtra,,,,
5109,"Sandip Foundation, Sandip Institute of Technology and Research Centre, Mahiravani, Nashik",Nashik,Nashik,North Maharashtra,,,,
5121,"K. K. Wagh Institute of Engineering Education and Research, Nashik",Nashik,Nashik,North Maharashtra,,,,
5124,"Jagadamba Education Soc. Nashik's S.N.D. College of Engineering & Reserch, Babulgaon",Nashik,Nashik,North Maharashtra,,,,
5125,"Pravara Rural Education Society's Sir Visvesvaraya Institute of Technology, Chincholi Dist. Nashik",Nashik,Nashik,North Maharashtra,,,,
5130,"Brahma Valley College of Engineering & Research, Trimbakeshwar, Nashik",Nashik,Nashik,North Maharashtra,,,,
5139,"Pravara Rural College of Engineering, Loni, Pravaranagar, Ahmednagar.",Ahmednagar,Ahmednagar,North Maharashtra,,,,
5151,"MET Bhujbal Knowledge City MET League's Engineering College, Adgaon, Nashik.",Nashik,Nashik,North Maharashtra,,,,
5152,"G H Raisoni College of Engineering and Management, Jalgaon",Jalgaon,Jalgaon,North Maharashtra,,,,
5152,"G H Raisoni Institute of Engineering and Business Management, Jalgaon",Jalgaon,Jalgaon,North Maharashtra,,,,
5160,"Sanjivani Rural Education Society's Sanjivani College of Engineering, Kopargaon",Ahmednagar,Ahmednagar,North Maharashtra,,,,
5161,"Dr. Vithalrao Vikhe Patil College of Engineering, Ahmednagar",Ahmednagar,Ahmednagar,North Maharashtra,,,,
5162,"Amrutvahini Sheti & Shikshan Vikas Sanstha's Amrutvahini College of Engineering, Sangamner",Ahmednagar,Ahmednagar,North Maharashtra,,,,
5164,"P.S.G.V.P. Mandal's D.N. Patel College of Engineering, Shahada, Dist. Nandurbar",Nandurbar,Nandurbar,North Maharashtra,,,,
5168,"T.M.E. Society's J.T.Mahajan College of Engineering, Faizpur",Jalgaon,Jalgaon,North Maharashtra,,,,
5169,"Nagaon Education Society's Gangamai College of Engineering, Nagaon, Tal Dist Dhule",Dhule,Dhule,North Maharashtra,,,,
5170,"Hindi Seva Mandal's Shri Sant Gadgebaba College of Engineering & Technology, Bhusawal",Jalgaon,Jalgaon,North Maharashtra,,,,
5171,"Godavari Foundation's Godavari College Of Engineering, Jalgaon",Jalgaon,Jalgaon,North Maharashtra,,,,
5172,"R. C. Patel Institute of Technology, Shirpur",Dhule,Dhule,North Maharashtra,,,,
5173,"SNJB's Late Sau. Kantabai Bhavarlalji Jain College of Engineering, (Jain Gurukul), Neminagar,Chandwad,(Nashik)",Nashik,Nashik,North Maharashtra,,,,
5177,"Matoshri College of Engineering and Research Centre, Eklahare, Nashik",Nashik,Nashik,North Maharashtra,,,,
5179,"Vishwabharati Academy's College of Engineering, Ahmednagar",Ahmednagar,Ahmednagar,North Maharashtra,,,,
5181,"Gokhale Education Society's, R.H. Sapat College of Engineering, Management Studies and Research, Nashik",Nashik,Nashik,North Maharashtra,,,,
5182,"Kalyani Charitable Trust, Late Gambhirrao Natuba Sapkal College of Engineering, Anjaneri, Trimbakeshwar Road, Nashik",Nashik,Nashik,North Maharashtra,,,,
5184,"Amruta Vaishnavi Education & Welfare Trust's Shatabdi Institute of Engineering & Research, Agaskhind Tal. Sinnar",Nashik,Nashik,North Maharashtra,,,,
5223,"SMT. SHARCHCHANDRIKA SURESH PATIL INSTITUTE OF TECHNOLOGY (ENGINEERING & POLYTECHNIC), CHOPDA",Chopda,Nashik,North Maharashtra,,,,
5239,JAMIA INSTITUTE OF TECHNOLOGY,Akkalkuwa,Nashik,North Maharashtra,,,,
5244,"MET's Institute of Technology Polytechnic, Bhujbal Knowledge City, Adgaon Nashik",Nashik,Nashik,North Maharashtra,,,,
5249,"Trimurti Shikshan Prasarak Mandal, Trimurti Institute Of Technology, Paladhi Bk, Jalgaon",Jalgaon,Jalgaon,North Maharashtra,,,,
5256,Matoshri Aasarabai Institute of Technology and Research Centre,Eklahare,Nashik,North Maharashtra,,,,
5256,"Matoshri Education Soceity, Matoshri Asarabai Polytechnic,Nashik",Nashik,Nashik,North Maharashtra,,,,
5263,"Matoshri Education Soceity, Matoshri Institute Of Technology, Dhanore, Nashik",Nashik,Nashik,North Maharashtra,,,,
5303,"Hon. Shri. Babanrao Pachpute Vichardhara Trust, Group of Institutions (Integrated Campus)-Parikrama, Kashti Shrigondha,",Ahmednagar,Ahmednagar,North Maharashtra,,,,
5322,"Jamia Institute Of Engineering And Management Studies, Akkalkuwa",Nandurbar,Nandurbar,North Maharashtra,,,,
5330,"PUNE VIDYARTHI GRIHA’S COLLEGE OF ENGINEERING & SHRIKRUSHNA S. DHAMANKAR INSTITUTE OF MANAGEMENT, NASHIK",Pune,Pune,Pune Region,,,,
5331,"Sandip Foundation's, Sandip Institute of Engineering & Management, Nashik",Nashik,Nashik,North Maharashtra,,,,
5365,"Vardhaman Education & Welfare Society, Ahinsa Institute of Technology, Post. Dondaicha, Dhule",Dhule,Dhule,North Maharashtra,,,,
5370,"Kedareshwar Gramin Vikas Pratishthan, Samajbhushan Eknathrao Dhakane College, of Engineering, Shevgaon",Ahmednagar,Ahmednagar,North Maharashtra,,,,
5380,"Adsul's Technical Campus, Chas Dist. Ahmednagar",Ahmednagar,Ahmednagar,North Maharashtra,,,,
5381,"Shri. Jaykumar Rawal Institute of Technology, Dondaicha.",Dhule,Dhule,North Maharashtra,,,,
5382,"Ahmednagar Jilha Maratha Vidya Prasarak Samajache, Shri. Chhatrapati Shivaji Maharaj College of Engineering, Nepti",Ahmednagar,Ahmednagar,North Maharashtra,,,,
5390,"K.V.N. Naik S. P. Sansth's Loknete Gopinathji Munde Institute of Engineering Education & Research, Nashik.",Nashik,Nashik,North Maharashtra,,,,
5395,Ashok Institute of Engineering & Technology,Ashoknagar,Nashik,North Maharashtra,,,,
5396,"College of Engineering and Technology ,North Maharashtra Knowledge City, Jalgaon",Jalgaon,Jalgaon,North Maharashtra,,,,
5399,"Sanghavi College of Engineering, Varvandi, Nashik.",Nashik,Nashik,North Maharashtra,,,,
5401,"Jawahar Education Society's Institute of Technology, Management & Research, Nashik.",Nashik,Nashik,North Maharashtra,,,,
5408,"Vidya Niketan College of Engineering, Bota Sangamner",Ahmednagar,Ahmednagar,North Maharashtra,,,,
5409,"Rajiv Gandhi College of Engineering, At Post Karjule Hariya Tal.Parner, Dist.Ahmednagar",Ahmednagar,Ahmednagar,North Maharashtra,,,,
5411,"Maulana Mukhtar Ahmad Nadvi Technical Campus, Malegaon.",Nashik,Nashik,North Maharashtra,,,,
5414,"Nikam Institute of Technology(Polytechnic),Dhule",Dhule,Dhule,North Maharashtra,,,,
5418,"Guru Gobind Singh College of Engineering & Research Centre, Nashik.",Nashik,Nashik,North Maharashtra,,,,
5433,"R.C. Patel College of Engineering and Polytechnic, Shirpur",Dhule,Dhule,North Maharashtra,,,,
5449,"Shri Vile Parle Kelavani Mandal's Institute of Technology, Dhule",Dhule,Dhule,North Maharashtra,,,,
5497,"P.G. College of Engineering & Technology, Nandurbar",Nandurbar,Nandurbar,North Maharashtra,,,,
5509,"Shri Swami Samarth Institute of Management and Technology, Malwadi-Bota",Ahmednagar,Ahmednagar,North Maharashtra,,,,
5513,"MKD Institute of Technology, Nadurbar",Nandurbar,Nandurbar,North Maharashtra,,,,
5545,"Shri Vile Parle Kelavani Mandal's College of Engineering, Shirpur",Shirpur,Nashik,North Maharashtra,,,,
5545,"Shri. Vile Parle Kelwani Mandal's College of Engineering, Shirpur",Mumbai,Mumbai,Mumbai Region,,,,
5597,VAMANRAO ITHAPE COLLEGE OF ENGINEERING AND MANAGEMENT,Sangamner,Nashik,North Maharashtra,,,,
6004,"Government College of Engineering & Research, Avasari Khurd",Pune,Pune,Pune Region,,,,
6005,"Government College of Engineering, Karad",Karad,Pune,Pune Region,,,,
6006,COEP Technological University,Pune,Pune,Pune Region,,,,
6007,"Walchand College of Engineering, Sangli",Sangli,Sangli,Western Maharashtra,,,,
6028,"Department of Technology, Shivaji University, Kolhapur",Kolhapur,Kolhapur,Western Maharashtra,,,,
6036,"Government College of Engineering, Kolhapur",Kolhapur,Kolhapur,Western Maharashtra,,,,
6122,"TSSMS's Pd. Vasantdada Patil Institute of Technology, Bavdhan, Pune",Pune,Pune,Pune Region,,,,
6138,"Genba Sopanrao Moze Trust Parvatibai Genba Moze College of Engineering,Wagholi, Pune",Pune,Pune,Pune Region,,,,
6139,"Progressive Education Society's Modern College of Engineering, Pune",Pune,Pune,Pune Region,,,,
6141,"Jaywant Shikshan Prasarak Mandal's,Rajarshi Shahu College of Engineering, Tathawade, Pune",Pune,Pune,Pune Region,,,,
6144,"Genba Sopanrao Moze College of Engineering, Baner-Balewadi, Pune",Pune,Pune,Pune Region,,,,
6145,"JSPM'S Jaywantrao Sawant College of Engineering,Pune",Pune,Pune,Pune Region,,,,
6146,"MIT Academy of Engineering,Alandi, Pune",Pune,Pune,Pune Region,,,,
6149,"Siddhant College of Engineering, A/p Sudumbare, Tal.Maval, Dist-Pune",Pune,Pune,Pune Region,,,,
6155,"G.H.Raisoni College of Engineering & Management, Wagholi, Pune",Pune,Pune,Pune Region,,,,
6156,"Marathwada Mitra Mandal's College of Engineering, Karvenagar, Pune",Pune,Pune,Pune Region,,,,
6160,"JSPM's Imperial College of Engineering and Research, Wagholi, Pune",Pune,Pune,Pune Region,,,,
6175,"Pimpri Chinchwad Education Trust, Pimpri Chinchwad College of Engineering, Pune",Pune,Pune,Pune Region,,,,
6177,"Sinhgad College of Engineering, Vadgaon (BK), Pune",Pune,Pune,Pune Region,,,,
6178,"Sinhgad Technical Education Society's Smt. Kashibai Navale College of Engineering,Vadgaon,Pune",Pune,Pune,Pune Region,,,,
6179,"Indira College of Engineering & Management, Pune",Pune,Pune,Pune Region,,,,
6182,"Sinhgad Technical Education Society, Sinhgad Institute of Technology and Science, Narhe (Ambegaon)",Pune,Pune,Pune Region,,,,
6183,"Al-Ameen Educational and Medical Foundation, College of Engineering, Koregaon, Bhima",Pune,Pune,Pune Region,,,,
6184,"K. J.'s Educational Institut Trinity College of Engineering and Research, Pisoli, Haveli",Pune,Pune,Pune Region,,,,
6185,"Sinhagad Institute of Technology, Lonavala",Pune,Pune,Pune Region,,,,
6185,Sinhgad Institute of Technology,Pune,Pune,Pune Region,,,,
6187,"Sinhgad Academy of Engineering, Kondhwa (BK) Kondhwa-Saswad Road, Pune",Pune,Pune,Pune Region,,,,
6203,"Marathwada Mitra Mandal's Institute of Technology, Lohgaon, Pune",Pune,Pune,Pune Region,,,,
6206,"Pune District Education Association's College of Engineering, Manjari(Bk), Hadapsar, Pune",Pune,Pune,Pune Region,,,,
6206,"Pune District Education Association's College of Engineering, Pune",Pune,Pune,Pune Region,,,,
6207,"Dr. D. Y. Patil Unitech Society's Dr. D. Y. Patil Institute of Technology, Pimpri, Pune",Pune,Pune,Pune Region,,,,
6214,"K. E. Society's Rajarambapu Institute of Technology, Walwa, Sangli",Sangli,Sangli,Western Maharashtra,,,,
6217,"Shri. Balasaheb Mane Shikshan Prasarak Mandal's, Ashokrao Mane Group of Institutions",Kolhapur,Kolhapur,Western Maharashtra,,,,
6219,"KSGBS's Bharat- Ratna Indira Gandhi College of Engineering, Kegaon, Solapur",Solapur,Solapur,Western Maharashtra,,,,
6220,"SVERI's College of Engineering, Pandharpur",Pandharpur,Pune,Pune Region,,,,
6220,"Shri Vithal Education and Research Institute's College of Engineering, Pandharpur",Solapur,Solapur,Western Maharashtra,,,,
6222,"Dattajirao Kadam Technical Education Society's Textile & Engineering Institute, Ichalkaranji.",Kolhapur,Kolhapur,Western Maharashtra,,,,
6223,"Pradnya Niketan Education Society's Nagesh Karajagi Orchid College of Engineering & Technology, Solapur",Solapur,Solapur,Western Maharashtra,,,,
6250,"D.Y. Patil College of Engineering and Technology, Kolhapur",Kolhapur,Kolhapur,Western Maharashtra,,,,
6265,"Walchand Institute of Technology, Solapur",Solapur,Solapur,Western Maharashtra,,,,
6267,"Kolhapur Institute of Technology's College of Engineering(Autonomous), Kolhapur",Kolhapur,Kolhapur,Western Maharashtra,,,,
6268,"Tatyasaheb Kore Institute of Engineering and Technology, Warananagar",Kolhapur,Kolhapur,Western Maharashtra,,,,
6269,"Shetkari Shikshan Mandal's Pad. Vasantraodada Patil Institute of Technology, Budhgaon, Sangli",Sangli,Sangli,Western Maharashtra,,,,
6270,"Rayat Shikshan Sanstha's Karmaveer Bhaurao Patil College of Engineering, Satara",Satara,Satara,Western Maharashtra,,,,
6271,Pune Institute of Computer Technology,Pune,Pune,Pune Region,,,,
6271,"Pune Institute of Computer Technology, Dhankavdi, Pune",Pune,Pune,Pune Region,,,,
6272,"Dr. D. Y. Patil Pratishthan's D.Y.Patil College of Engineering Akurdi, Pune",Pune,Pune,Pune Region,,,,
6273,"Bansilal Ramnath Agarawal Charitable Trust's Vishwakarma Institute of Technology, Bibwewadi, Pune",Pune,Pune,Pune Region,,,,
6274,"PVG's College of Engineering, Technology & Management",Pune,Pune,Pune Region,,,,
6274,"Pune Vidyarthi Griha's College of Engineering and Technology and G K Pate(Wani) Institute of Management, Pune",Pune,Pune,Pune Region,,,,
6275,"Shivnagar Vidya Prasarak Mandal's College of Engineering, Malegaon-Baramati",Baramati,Pune,Pune Region,,,,
6277,"Dr. J. J. Magdum Charitable Trust's Dr. J.J. Magdum College of Engineering, Jaysingpur",Kolhapur,Kolhapur,Western Maharashtra,,,,
6278,"All India Shri Shivaji Memorial Society's College of Engineering, Pune",Pune,Pune,Pune Region,,,,
6281,"Modern Education Society's College of Engineering, Pune",Pune,Pune,Pune Region,,,,
6281,"Modern Education Society's Wadia College of Engineering, Pune",Pune,Pune,Pune Region,,,,
6282,"All India Shri Shivaji Memorial Society's Institute of Information Technology,Pune",Pune,Pune,Pune Region,,,,
6283,"Annasaheb Dange College of Engineering and Technology, Ashta, Sangli",Sangli,Sangli,Western Maharashtra,,,,
6284,"Vidya Pratishthan's Kamalnayan Bajaj Institute of Engineering & Technology, Baramati Dist.Pune",Pune,Pune,Pune Region,,,,
6288,"Bharati Vidyapeeth's College of Engineering, Kolhapur",Kolhapur,Kolhapur,Western Maharashtra,,,,
6289,"B.R.A.C.T's Vishwakarma Institute of Information Technology, Kondhwa (Bk.), Pune",Pune,Pune,Pune Region,,,,
6293,"Kai Amdar Bramhadevdada Mane Shikshan & Samajik Prathistan's Bramhadevdada Mane Institute of Technology, Solapur",Solapur,Solapur,Western Maharashtra,,,,
6298,"Zeal Education Society's Zeal College of Engineering & Reserch, Narhe, Pune",Pune,Pune,Pune Region,,,,
6303,"Dr. Ashok Gujar Technical Institute's Dr. Daulatrao Aher College of Engineering, Karad",Karad,Pune,Pune Region,,,,
6304,"Loknete Hanumantrao Charitable Trust's Adarsh Institute of Technology and Research Centre, Vita,Sangli",Sangli,Sangli,Western Maharashtra,,,,
6305,"Late Narayandas Bhawandas Chhabada Institute of Engineering & Technology, Satara",Satara,Satara,Western Maharashtra,,,,
6305,"S.D.N.C.R.E.S'S.Late Narayandas Bhawandas Chhabada Institute of Engineering & Technology, Satara",Satara,Satara,Western Maharashtra,,,,
6307,"Dhole Patil Education Society, Dhole Patil College of Engineering, Wagholi, Tal. Haveli",Pune,Pune,Pune Region,,,,
6308,"Shanti Education Society, A.G. Patil Institute of Technology, Soregaon, Solapur(North)",Solapur,Solapur,Western Maharashtra,,,,
6310,"Nutan Maharashtra Vidya Prasarak Mandal, Nutan Maharashtra Institute of Engineering &Technology, Talegaon station, Pune",Pune,Pune,Pune Region,,,,
6311,"Jayawant Shikshan Prasarak Mandal, Bhivarabai Sawant Institute of Technology & Research, Wagholi",Pune,Pune,Pune Region,,,,
6313,"Jaywant College of Engineering & Polytechnic , Kille Macchindragad Tal. Walva District- Sangali",Sangli,Sangli,Western Maharashtra,,,,
6315,"Holy-Wood Academy's Sanjeevan Engineering and Technology Institute, Panhala",Kolhapur,Kolhapur,Western Maharashtra,,,,
6315,Sanjeevan Group of Institutions,Pune,Pune,Pune Region,,,,
6317,"Sharad Institute of Technology College of Engineering, Yadrav(Ichalkaranji)",Kolhapur,Kolhapur,Western Maharashtra,,,,
6318,"Abhinav Education Society's College of Engineering and Technology (Degree), Wadwadi",Pune,Pune,Pune Region,,,,
6319,"Shahajirao Patil Vikas Pratishthan, S.B.Patil College of Engineering, Vangali, Tal. Indapur",Indapur,Pune,Pune Region,,,,
6320,"K.J.'s Educational Institute's K.J.College of Engineering & Management Research, Pisoli",Pune,Pune,Pune Region,,,,
6321,"Vidya Vikas Pratishthan Institute of Engineering and Technology, Solapur",Solapur,Solapur,Western Maharashtra,,,,
6322,"Shree Gajanan Maharaj Shikshan Prasarak Manda'l Sharadchandra Pawar College of Engineering, Dumbarwadi",Pune,Pune,Pune Region,,,,
6324,"Rajgad Dnyanpeeth's Shri Chhatrapati Shivajiraje College of Engineering, Bhor",Bhor,Pune,Pune Region,,,,
6324,"Rajgad Dnyanpeeth's Technical Campus,Dhangwadi, Bhor",Pune,Pune,Pune Region,,,,
6324,Rajgad Technical Campus,Bhor,Pune,Pune Region,,,,
6325,"Alard Charitable Trust's Alard College of Engineering and Management, Pune",Pune,Pune,Pune Region,,,,
6326,Karmayogi Institute of Technology,Pune,Pune,Pune Region,,,,
6402,"NEW INSTITUTE OF TECHNOLOGY,KOLHAPUR",Kolhapur,Kolhapur,Western Maharashtra,,,,
6419,"Nutan College of Engineering and Research, Talegaon Dabhade Tal. Maval, Pune",Pune,Pune,Pune Region,,,,
6444,"Shriram Institute Of Engineering & Technology, (Poly), Paniv",Solapur,Solapur,Western Maharashtra,,,,
6466,"Shree Santkrupa Shikshan Sanstha, Shree Santkrupa Institute Of Engineering & Technology, Karad",Karad,Pune,Pune Region,,,,
6467,"Swami Vivekanand Institute Of Technology, Solapur",Solapur,Solapur,Western Maharashtra,,,,
6468,"Swami Vivekananda Shikshan Sanstha, Dr. Bapuji Salunkhe Institute Of Engineering & Technology,Kolhapur",Kolhapur,Kolhapur,Western Maharashtra,,,,
6545,"Samarth Education Trust's Arvind Gavali College Of Engineering Panwalewadi, Varye,Satara.",Satara,Satara,Western Maharashtra,,,,
6609,"Jaihind College Of Engineering,Kuran",Pune,Pune,Pune Region,,,,
6622,ISBM College Of Engineering Pune,Pune,Pune,Pune Region,,,,
6625,"Universal College of Engineering & Research, Sasewadi",Pune,Pune,Pune Region,,,,
6628,"Dattakala Group Of Institutions, Swami - Chincholi Tal. Daund Dist. Pune",Pune,Pune,Pune Region,,,,
6632,Navsahyadri Education Society's Group of Institutions,Pune,Pune,Pune Region,,,,
6634,"KJEI's Trinity Academy of Engineering, Yewalewadi, Pune",Pune,Pune,Pune Region,,,,
6635,Samarth College of Engineering and Management,Pune,Pune,Pune Region,,,,
6635,"Samarth Group of Institutions, Bangarwadi, Post Belhe Tal. Junnar Dist. Pune",Pune,Pune,Pune Region,,,,
6640,"N. B. Navale Sinhgad College of Engineering, Kegaon, solapur",Solapur,Solapur,Western Maharashtra,,,,
6643,"S K N Sinhgad College of Engineering, Korti Tal. Pandharpur Dist Solapur",Solapur,Solapur,Western Maharashtra,,,,
6644,"Shri. Ambabai Talim Sanstha's Sanjay Bhokare Group of Institutes, Miraj",Sangli,Sangli,Western Maharashtra,,,,
6649,"TSSM's Bhivarabai Sawant College of Engineering and Research, Narhe, Pune",Pune,Pune,Pune Region,,,,
6714,"APPASAHEB ALIAS SA.RE.PATIL INSTITUTE OF TECHNOLOGY, Dattanagar Tal-Shirol, Dist Kolhapur",Kolhapur,Kolhapur,Western Maharashtra,,,,
6715,Babasaheb Phadtare Engineering & Technology Kalamb-Walchandnagar Tal Indapur Dist Pune,Kalamb,Pune,Pune Region,,,,
6732,Ajeenkya DY Patil School of Engineering,Pune,Pune,Pune Region,,,,
6732,"Ajeenkya DY Patil School of Engineering, Lohegaon, Pune",Pune,Pune,Pune Region,,,,
6754,"International Institute of Information Technology (I²IT), Pune.",Pune,Pune,Pune Region,,,,
6755,"JSPM Narhe Technical Campus, Pune.",Pune,Pune,Pune Region,,,,
6756,"Fabtech Technical Campus College of Engineering and Research, Sangola",Solapur,Solapur,Western Maharashtra,,,,
6757,"Yashoda Technical Campus, Wadhe, Satara.",Satara,Satara,Western Maharashtra,,,,
6758,"Sahyadri Valley College of Engineering & Technology, Rajuri, Pune.",Pune,Pune,Pune Region,,,,
6759,"Shree Ramchandra College of Engineering, Lonikand,Pune",Pune,Pune,Pune Region,,,,
6762,"Nanasaheb Mahadik College of Engineering,Walwa, Sangli.",Sangli,Sangli,Western Maharashtra,,,,
6766,Phaltan Education Society's College of Engineering Thakurki Tal- Phaltan Dist-Satara,Satara,Satara,Western Maharashtra,,,,
6767,"Suman Ramesh Tulsiani Technical Campus: Faculty of Engineering, Kamshet,Pune.",Pune,Pune,Pune Region,,,,
6768,"P.K. Technical Campus, Pune.",Pune,Pune,Pune Region,,,,
6769,"Rasiklal M. Dhariwal Sinhgad Technical Institutes Campus, Warje, Pune.",Pune,Pune,Pune Region,,,,
6770,"SKN Sinhgad Institute of Technology & Science, Kusgaon(BK),Pune.",Pune,Pune,Pune Region,,,,
6771,"Flora Institute of Technology, Khopi, Near Khed Shivapur Toll Plaza, Pune",Pune,Pune,Pune Region,,,,
6772,"NBN Sinhgad Technical Institutes Campus, Pune",Pune,Pune,Pune Region,,,,
6780,"D.Y.Patil Education Society's,D.Y.Patil Technical Campus, Faculty of Engineering & Faculty of Management,Talsande,Kolhapur.",Kolhapur,Kolhapur,Western Maharashtra,,,,
6781,"Bhagwant Institute of Technology, Barshi",Solapur,Solapur,Western Maharashtra,,,,
6782,"Sahakar Maharshee Shankarrao Mohite Patil Institute of Technology & Research, Akluj",Solapur,Solapur,Western Maharashtra,,,,
6794,"Anantrao Pawar College of Engineering & Research, Pune",Pune,Pune,Pune Region,,,,
6795,"Shri.Someshwar Shikshan Prasarak Mandal, Sharadchandra Pawar College of Engineering & Technology, Someshwar Nagar",Solapur,Solapur,Western Maharashtra,,,,
6796,"Bharati Vidyapeeth's College of Engineering,Lavale, Pune",Pune,Pune,Pune Region,,,,
6797,"Dnyanshree Institute Engineering and Technology, Satara",Satara,Satara,Western Maharashtra,,,,
6799,"Shivganga Charitable Trust, Sangli Vishveshwarya Technical Campus, Faculty of Diploma Engineering, Patgaon, Miraj",Sangli,Sangli,Western Maharashtra,,,,
6802,"Dr. D.Y.Patil Institute of Engineering, Management & Reseach, Akurdi, Pune",Pune,Pune,Pune Region,,,,
6803,"Sant Gajanan Maharaj College of Engineering, Gadhinglaj",Kolhapur,Kolhapur,Western Maharashtra,,,,
6808,"Keystone School of Engineering, Pune",Pune,Pune,Pune Region,,,,
6811,Sanjay Ghodawat Institute,Kolhapur,Kolhapur,Western Maharashtra,,,,
6815,"Vidya Prasarini Sabha's College of Engineering & Technology, Lonavala",Pune,Pune,Pune Region,,,,
6822,"Pimpri Chinchwad Education Trust's Pimpri Chinchwad College Of Engineering And Research, Ravet",Pune,Pune,Pune Region,,,,
6834,"Dr.D.Y.Patil College Of Engineering & Innovation,Talegaon",Pune,Pune,Pune Region,,,,
6839,"Dr. D Y Patil Pratishthan's College of Engineering, Kolhapur",Kolhapur,Kolhapur,Western Maharashtra,,,,
6878,"Dr. A. D. Shinde College Of Engineering, Tal.Gadhinglaj, Kolhapur",Kolhapur,Kolhapur,Western Maharashtra,,,,
6901,"MAEER's MIT College of Railway Engineering and Research, Jamgaon, Barshi",Solapur,Solapur,Western Maharashtra,,,,
6991,"Dr. D.Y. Patil Technical Campus, Varale, Talegaon, Pune",Pune,Pune,Pune Region,,,,
